Molar Refractivity,Polarizability (10-24cm3),miLogP,TPSA,natoms,MW,nOH,nOHNH,nviolations,nrotb,volume,DeltaG(kJ/mol),deltaH(kJ/mol),TdeltaS(kJ/mol),GPCR ligand ,Ion channel Modulator ,Kinase Inhibitor,Nuclear Receptor ligand ,Protease ligand,Enzyme inhibitor
146.4,58.1,-0.39,181.82,41,602.59,11,2,2,19,536.26,-32.64,-21.34,11.23,0.29,-0.167,0.125,-0.046,0.453,0.266
143.7,57,-0.95,191.05,39,568.58,12,2,2,19,518.88,-37.24,-17.99,19.09,0.35,-0.13,0.116,0.117,0.528,0.17
136.9,54.3,-2.52,191.05,38,552.54,12,2,2,15,491.5,-36.82,-29.71,7.11,0.404,-0.056,0.149,0.18,0.583,0.238
136.7,54.2,-2.12,191.05,38,552.54,12,2,2,14,491.5,-35.15,-22.59,12.47,0.404,-0.051,0.123,0.129,0.583,0.198
86.9,62.5,-3.89,196.12,26,375.38,11,7,2,12,335.34,-26.54,-15.06,11.48,0.515,0.312,-0.067,0.174,0.894,0.429
98.7,39.1,-4.6,173.56,25,377.51,9,9,1,14,355.63,-40.6,7.9,48.2,0.578,0.385,0.183,0.078,1.169,0.713
108.1,42.9,-4.3,173.56,27,405.56,9,9,1,16,389.46,-40.5,14.6,54.9,0.431,0.243,-0.185,0.038,0.85,0.505
107.8,42.8,-4.75,202.25,29,411.51,11,10,2,15,390.21,-39.3,20.6,59.8,0.716,0.513,0.325,-0.266,0.918,0.661
104.7,41.5,-3.52,173.56,27,387.52,9,9,1,15,387.92,-38.3,20.5,58.6,0.433,0.27,-0.015,-0.077,0.858,0.426
86.2,34.2,-4.49,173.56,23,331.42,9,9,1,13,321.14,-33.6,14.1,47.5,0.557,0.293,-0.003,0.008,0.884,0.456
115.3,45.7,-3.34,173.56,30,421.54,9,9,1,15,409.38,-41.5,22,63.2,0.531,0.38,0.122,0.134,0.797,0.424
97.8,38.8,-4.41,164.78,26,371.48,9,8,1,12,361.12,-30.1,16.6,46.5,0.695,0.452,0.115,0.218,1.082,0.512
97,38.5,-4.97,210.86,27,389.45,11,10,2,15,364.97,-29.8,8.1,37.7,0.579,0.386,0.092,0.14,0.873,0.481
124.5,36.6,-5.02,193.79,25,361.44,10,10,1,14,345.99,-42,8.9,50.6,0.602,0.425,0.124,0.129,0.922,0.56
97,38.4,-4.88,193.79,26,375.47,10,10,1,14,362.58,-40.6,17.3,57.6,0.536,0.28,0.004,0.198,0.884,0.482
134.6,53.4,-3.82,193.79,31,437.54,10,10,1,15,417.4,-37.5,20.7,57.9,0.535,0.391,0.145,0.221,0.763,0.437
99,39.3,-4.65,216.66,27,388.47,11,11,2,15,368.25,-40.2,7.7,47.9,0.501,0.287,0.124,0.125,0.865,0.432
103.7,41.1,-5.06,216.66,28,402.5,11,11,2,16,385.05,-42.4,11.4,53.4,0.494,0.315,0.126,0.156,0.816,0.432
104.7,41.5,-3.49,173.56,27,387.52,9,9,1,15,387.92,-33.9,24.6,58.3,0.534,0.39,0.049,0.177,0.917,0.446
89.4,35.4,2.7,96.36,25,364.78,6,2,0,0,303.35,-48.9,-22.8,26.09,0.171,0.04,0.622,0.442,0.202,0.655
70.8,28.1,-2.68,206.05,24,363.22,13,7,2,4,272,-32.89,-38.03,-5.14,1.321,0.754,1.019,-0.799,0.326,1.589
36.1,14.3,0.32,49.88,9,120.16,2,3,0,1,117.63,-26.6,-18.9,7.7,-1.313,-0.925,-1.971,-2.681,-0.735,-1.338
201.8,80,-4.83,367.21,58,816.87,22,14,3,24,729.88,-43.1,-102.93,-59.83,-1.552,-2.874,-2.551,-2.983,-0.77,-2.069
103.7,41.1,-4.82,256.29,33,488.44,15,10,2,10,411.8,-20,-19.7,0.3,0.053,-0.02,-0.12,-0.138,0.2,0.365
70.8,28.1,-4.45,189.53,23,342.3,11,8,2,4,283.93,-19.9,-29.9,-10.44,0.22,0.164,0.039,-0.029,0.211,0.506
134.6,53.4,4.13,131.2,35,505.64,9,4,1,12,458.73,-55.65,-28.03,27.61,0.298,-0.241,-0.215,-0.376,1.012,0.343
176.1,69.8,2.51,118.02,45,613.8,9,4,1,12,590.13,-53.14,8.79,61.92,0.181,-0.519,-0.383,-0.699,0.662,-0.2
70.8,28.1,-4.45,189.53,23,342.3,11,8,2,4,283.93,-33.52,-46.32,-12.91,0.22,0.164,0.039,-0.029,0.211,0.506
37.3,14.8,-2.64,110.37,12,180.16,6,5,0,1,151.81,-20.19,-31.18,-11.37,-0.443,0.018,-0.801,-0.855,-0.511,0.4
157.1,62.3,-3.1,295.05,47,686.61,18,9,3,19,584.6,-39.96,-18.74,21.21,0.105,-0.813,-0.303,-0.278,0.517,-0.097
90.8,36,-4.59,173.56,24,345.44,9,9,1,13,337.73,-41.1,20.1,61.1,0.528,0.352,0.054,0.003,0.859,0.442
101.7,40.3,-4.86,210.86,28,403.48,11,10,2,16,381.78,-38.9,11.3,50,0.533,0.352,0.099,0.166,0.799,0.472
127.6,50.6,-3.19,189.35,33,460.58,10,10,1,15,438.36,-39.2,29.3,68.2,0.625,0.418,0.28,0.115,0.744,0.46
135.3,53.6,0.38,153.65,36,508.6,9,5,1,8,442.46,-36.4,-20.6,15.8,0.528,0.047,-0.162,-0.201,0.972,0.291
140.3,55.6,2.33,142.66,37,522.63,9,4,1,9,459.98,-43.6,-39.6,4,0.356,-0.061,-0.153,-0.209,0.802,0.093
127.5,50.5,0.99,128.38,33,465.58,8,5,0,7,411.03,-40.8,-32.9,7.9,0.471,0.057,-0.01,-0.238,0.919,0.167
138.2,54.8,0.95,136.66,36,507.62,9,4,1,7,446.95,-42.6,-34.4,8.2,0.391,-0.054,-0.043,-0.233,0.808,0.12
156.3,61.9,1.24,191.98,42,601.73,12,6,3,12,538.68,-38.3,-24.7,10.6,0.401,-0.483,-0.426,-0.219,0.806,-0.079
175.2,69.4,5.73,189.79,49,697.14,13,5,3,10,596.84,-51,-39.6,11.4,-0.639,-1.398,-1.097,-0.902,-0.493,-0.557
139,55.1,-5.57,295.29,43,627.6,19,11,3,10,535.84,-29.29,-58.99,-29.71,-0.132,-0.604,-0.352,-0.306,0.216,0.011
60,23.8,-0.85,139.55,19,267.25,9,5,0,2,218.53,-23.88,-96.23,-72.35,1.103,0.542,0.874,-1.735,-0.008,1.278
60.8,24.1,-2.02,159.52,20,283.24,10,6,1,2,226.66,-23.56,-99.16,-75.6,0.917,0.124,0.573,-1.552,-0.25,1.223
162.4,64.4,5.47,101.89,40,567.8,7,4,2,10,544.79,-54.81,10.88,65.69,0.189,-0.249,-0.277,-0.248,0.578,-0.021
35.8,14.2,-1.94,72.71,10,147.17,4,4,0,1,139.14,-42.26,-31,11.21,-0.509,-0.373,-0.961,-1.211,-0.308,0.155
70.8,28.1,-2.4,92.94,11,163.17,5,5,0,1,147.18,-26.74,-26.44,0.38,-0.712,-0.252,-0.853,-1.136,0.132,0.294
139,55.1,-5.48,384.45,59,829.87,23,15,3,23,731.4,-22.26,-80.92,-58.58,-1.663,-2.972,-2.729,-3.041,-0.89,-2.254
107.6,42.7,-5.01,235.47,30,430.55,12,13,2,18,417.57,-33.8,36,69.7,0.68,0.525,0.102,-0.118,1.038,0.517
100.1,39.7,-4.02,173.56,26,373.5,9,9,1,14,371.12,-41.9,22.4,64.3,0.466,0.27,0.036,-0.02,0.877,0.421
66,26.2,3.69,82.25,18,242.23,5,2,0,3,209.57,-22.05,7.11,29.16,-0.271,0.015,-0.165,-0.463,-0.44,0.028
70.4,27.9,4.54,82.25,19,256.26,5,2,0,3,226.14,-30.25,5.36,35.61,-0.334,-0.149,-0.16,-0.41,-0.462,-0.065
74.9,29.7,4.71,82.25,20,270.29,5,2,0,3,242.7,-34.69,9,43.68,-0.246,-0.091,-0.131,-0.347,-0.358,-0.011
60.9,24.1,0.76,78.42,16,244.32,5,3,0,5,214.36,-42.26,-56.07,-13.81,-0.1,-0.572,-0.617,-0.626,0.266,0.254
37.3,14.8,-2.64,110.37,12,180.16,6,5,0,1,151.81,-19.1,-77.8,-58.68,-0.443,0.018,-0.801,-0.855,-0.511,0.4
70.1,27.8,-4.97,158.82,20,307.33,9,6,1,9,259.22,-28.22,-28.72,-0.66,0.432,0.279,-0.1,-0.217,1.128,0.752
107.3,42.5,-1.98,158.82,28,419.54,9,6,1,17,393.86,-32.55,-30.4,2.15,0.366,0.194,-0.18,-0.173,0.763,0.411
32.8,13,-1.8,81.94,10,149.15,5,4,0,1,131.32,-35.77,-43.97,-8.2,-0.562,-0.363,-0.805,-1.154,-0.219,0.115
108.3,42.9,-4.83,199.59,28,402.54,10,11,1,17,399.67,-31.6,39.4,70.8,0.482,0.342,0.097,0.125,0.763,0.419
104.5,41.4,-5.25,268.68,34,504.44,16,11,3,7,416.05,-34.89,9.75,44.66,0.154,0.11,0.029,-0.015,0.165,0.342
36.1,14.3,0.32,49.88,9,120.16,2,3,0,1,117.63,-26.6,-18.9,7.7,-1.313,-0.925,-1.971,-2.681,-0.735,-1.338
63.6,25.2,-3.71,171.32,21,324.18,11,5,1,4,244.02,-22.18,-39.33,-17.15,1.035,0.691,0.679,-0.369,0.332,1.536
70.8,28.1,-3.64,206.05,24,363.22,13,7,2,4,272,-28.12,-31.97,-3.85,1.264,0.652,1.102,-0.817,0.314,1.667
